,precision,recall,f1_score
PAR,0.787719298245614,0.8414414414414414,0.8136946166458084
SUR,0.7777777777777778,0.7708333333333334,0.7742899850523169
DIS,0.8872727272727273,0.8661710037174721,0.8765948917208256
IMG,0.8813559322033898,0.8760330578512396,0.8786864339231627
MED,0.9557522123893806,0.9181034482758621,0.9365496183206107
LAB,0.7136563876651982,0.6784313725490196,0.6955982179421948
