,precision,recall,f1_score
PAR,0.7837370242214533,0.8324324324324325,0.8073511286505378
SUR,0.7948717948717948,0.7083333333333334,0.7491115849324804
DIS,0.8813559322033898,0.8271375464684015,0.8533864394903283
IMG,0.7464788732394366,0.8925619834710744,0.8130104395994603
MED,0.8849557522123894,0.9051724137931034,0.8949499254208396
LAB,0.7040816326530612,0.615686274509804,0.656923683332828
